Date,Rank,Category,Title,Author,Week on List,Description
2021-07-18,1,Combined Print & E-Book Fiction,Once Upon A Time In Hollywood,Quentin Tarantino,1,"A novelization of the film set in 1969, by its director and screenwriter."
2021-07-18,2,Combined Print & E-Book Fiction,The Last Thing He Told Me,Laura Dave,9,Hannah Hall discovers truths about her missing husband and bonds with his daughter from a previous relationship.
2021-07-18,3,Combined Print & E-Book Fiction,Malibu Rising,Taylor Jenkins Reid,5,An epic party has serious outcomes for four famous siblings.
2021-07-18,4,Combined Print & E-Book Fiction,The President'S Daughter,Bill Clinton and James Patterson,4,"Matthew Keating, a past president and former Navy SEAL, goes on his own to find his abducted teenage daughter."
2021-07-18,5,Combined Print & E-Book Fiction,Where The Crawdads Sing,Delia Owens,137,"In a quiet town on the North Carolina coast in 1969, a young woman who survived alone in the marsh becomes a murder suspect."
2021-07-18,1,Combined Print & E-Book Nonfiction,Nightmare Scenario,Yasmeen Abutaleb and Damian Paletta,1,Two Washington Post journalists give an account of the Trump administration’s handling of the Covid-19 pandemic.
2021-07-18,2,Combined Print & E-Book Nonfiction,The Body Keeps The Score,Bessel van der Kolk,45,"How trauma affects the body and mind, and innovative treatments for recovery."
2021-07-18,3,Combined Print & E-Book Nonfiction,(Re)Born In The Usa,Roger Bennett,1,The soccer commentator describes how he embraced American popular culture while growing up in Liverpool.
2021-07-18,4,Combined Print & E-Book Nonfiction,Killing The Mob,Bill O'Reilly and Martin Dugard,9,The 10th book in the conservative commentator’s Killing series looks at organized crime in the United States during the 20th century.
2021-07-18,5,Combined Print & E-Book Nonfiction,Untamed,Glennon Doyle,69,The activist and public speaker describes her journey of listening to her inner voice.
2021-07-18,1,Hardcover Fiction,The Last Thing He Told Me,Laura Dave,9,Hannah Hall discovers truths about her missing husband and bonds with his daughter from a previous relationship.
2021-07-18,2,Hardcover Fiction,Malibu Rising,Taylor Jenkins Reid,5,An epic party has serious outcomes for four famous siblings.
2021-07-18,3,Hardcover Fiction,The President'S Daughter,Bill Clinton and James Patterson,4,"Matthew Keating, a past president and former Navy SEAL, goes on his own to find his abducted teenage daughter."
2021-07-18,4,Hardcover Fiction,The Midnight Library,Matt Haig,31,Nora Seed finds a library beyond the edge of the universe that contains books with multiple possibilities of the lives one could have lived.
2021-07-18,5,Hardcover Fiction,Golden Girl,Elin Hilderbrand,5,A Nantucket novelist gets one final summer to watch what happens from the great beyond.
2021-07-18,1,Hardcover Nonfiction,(Re)Born In The Usa,Roger Bennett,1,The soccer commentator describes how he embraced American popular culture while growing up in Liverpool.
2021-07-18,2,Hardcover Nonfiction,Nightmare Scenario,Yasmeen Abutaleb and Damian Paletta,1,Two Washington Post journalists give an account of the Trump administration’s handling of the Covid-19 pandemic.
2021-07-18,3,Hardcover Nonfiction,Killing The Mob,Bill O'Reilly and Martin Dugard,9,The 10th book in the conservative commentator’s Killing series looks at organized crime in the United States during the 20th century.
2021-07-18,4,Hardcover Nonfiction,Untamed,Glennon Doyle,69,The activist and public speaker describes her journey of listening to her inner voice.
2021-07-18,5,Hardcover Nonfiction,Greenlights,Matthew McConaughey,37,The Academy Award-winning actor shares snippets from the diaries he kept over the last 35 years.
2021-07-18,1,Paperback Trade Fiction,Where The Crawdads Sing,Delia Owens,14,"In a quiet town on the North Carolina coast in 1969, a young woman who survived alone in the marsh becomes a murder suspect."
2021-07-18,2,Paperback Trade Fiction,People We Meet On Vacation,Emily Henry,8,Opposites Poppy and Alex meet to vacation together one more time in hopes of saving their relationship.
2021-07-18,3,Paperback Trade Fiction,The Song Of Achilles,Madeline Miller,37,A reimagining of Homer’s “Iliad” that is narrated by Achilles' companion Patroclus.
2021-07-18,4,Paperback Trade Fiction,The Silent Patient,Alex Michaelides,9,Theo Faber looks into the mystery of a famous painter who stops speaking after shooting her husband.
2021-07-18,5,Paperback Trade Fiction,The Seven Husbands Of Evelyn Hugo,Taylor Jenkins Reid,17,A movie icon recounts stories of her loves and career to a struggling magazine writer.
2021-07-18,1,Paperback Nonfiction,The Body Keeps The Score,Bessel van der Kolk,141,"How trauma affects the body and mind, and innovative treatments for recovery."
2021-07-18,2,Paperback Nonfiction,Braiding Sweetgrass,Robin Wall Kimmerer,64,A botanist and member of the Citizen Potawatomi Nation espouses having an understanding and appreciation of plants and animals.
2021-07-18,3,Paperback Nonfiction,Born A Crime,Trevor Noah,125,A memoir about growing up biracial in apartheid South Africa by the host of “The Daily Show.”
2021-07-18,4,Paperback Nonfiction,White Fragility,Robin DiAngelo,148,Historical and cultural analyses on what causes defensive moves by white people and how this inhibits cross-racial dialogue.
2021-07-18,5,Paperback Nonfiction,Sapiens,Yuval Noah Harari,151,How Homo sapiens became Earth’s dominant species.
2021-07-18,1,"Advice, How-To & Miscellaneous",Atomic Habits,James Clear,84,
2021-07-18,2,"Advice, How-To & Miscellaneous","The Boy, The Mole, The Fox And The Horse",Charlie Mackesy,83,
2021-07-18,3,"Advice, How-To & Miscellaneous",The Gifts Of Imperfection,Brené Brown,82,
2021-07-18,4,"Advice, How-To & Miscellaneous",World Travel,Anthony Bourdain and Laurie Woolever,11,
2021-07-18,5,"Advice, How-To & Miscellaneous",The Subtle Art Of Not Giving A F*Ck,Mark Manson,209,
2021-07-18,1,Children’s Middle Grade Hardcover,"Ali Cross: Like Father, Like Son",James Patterson,1,"Ali investigates the shooting of new friend, Zoe."
2021-07-18,2,Children’s Middle Grade Hardcover,Wonder,R.J. Palacio,303,A boy with a facial deformity starts school.
2021-07-18,3,Children’s Middle Grade Hardcover,Refugee,Alan Gratz,137,Three children in three different conflicts look for safe haven.
2021-07-18,4,Children’s Middle Grade Hardcover,Star Wars: The High Republic: Race To Crashpoint Tower,Daniel Jose Older,1,Ram must thwart the plans of the Nihil's surprise attack on the Republic Fair.
2021-07-18,5,Children’s Middle Grade Hardcover,Amari And The Night Brothers,B.B. Alston,22,Amari Peters competes for a spot at the Bureau of Supernatural Affairs.
2021-07-18,1,Children’s Picture Books,"Time For School, Little Blue Truck",Alice Schertle. Illustrated by Jill McElmurry,2,Blue gives a friend a ride to school.
2021-07-18,2,Children’s Picture Books,Llama Llama Meets The Babysitter,Anna Dewdney and Reed Duncan. Illustrated by JT Morrow,1,Llama Llama is nervous about a new babysitter.
2021-07-18,3,Children’s Picture Books,What Is God Like?,Rachel Held Evans and Matthew Paul Turner. Illustrated by Ying Hui Tan,3,Exploring the attributes of God.
2021-07-18,4,Children’s Picture Books,Dr. Fauci,Kate Messner. Illustrated by Alexandra Bye,1,A biography of the chief medical adviser to the president.
2021-07-18,5,Children’s Picture Books,The Wonderful Things You Will Be,Emily Winfield Martin,269,A celebration of future possibilities.
2021-07-18,1,Children’s Series,Harry Potter,J.K. Rowling,641,A wizard hones his conjuring skills in the service of fighting evil.
2021-07-18,2,Children’s Series,Diary Of A Wimpy Kid,Jeff Kinney,642,The travails and challenges of adolescence.
2021-07-18,3,Children’s Series,Shadow And Bone Trilogy,Leigh Bardugo,17,"The basis of the Netflix series; previously titled ""The Grisha Trilogy."""
2021-07-18,4,Children’s Series,Awesome Friendly Kid,Jeff Kinney,16,Rowley Jefferson chronicles his life story and adventures.
2021-07-18,5,Children’s Series,Percy Jackson & The Olympians,Rick Riordan,578,A boy battles mythological monsters.
2021-07-18,1,Young Adult Hardcover,One Of Us Is Lying,Karen M. McManus,179,"For five students, a detour into detention ends in murder."
2021-07-18,2,Young Adult Hardcover,The Betrayed,Kiera Cass,1,"In this sequel to ""The Betrothed,"" Hollis flees the country after her husband is killed."
2021-07-18,3,Young Adult Hardcover,Stamped,Jason Reynolds and Ibram X. Kendi,67,An exploration of racism and antiracism in America.
2021-07-18,4,Young Adult Hardcover,Realm Breaker,Victoria Aveyard,9,A small band of misfits attempt to save Allward.
2021-07-18,5,Young Adult Hardcover,The Hate U Give,Angie Thomas,221,A 16-year-old girl sees a police officer kill her friend.
2021-07-11,1,Combined Print & E-Book Fiction,The Last Thing He Told Me,Laura Dave,8,Hannah Hall discovers truths about her missing husband and bonds with his daughter from a previous relationship.
2021-07-11,2,Combined Print & E-Book Fiction,The President'S Daughter,Bill Clinton and James Patterson,3,"Matthew Keating, a past president and former Navy SEAL, goes on his own to find his abducted teenage daughter."
2021-07-11,3,Combined Print & E-Book Fiction,Malibu Rising,Taylor Jenkins Reid,4,An epic party has serious outcomes for four famous siblings.
2021-07-11,4,Combined Print & E-Book Fiction,Where The Crawdads Sing,Delia Owens,136,"In a quiet town on the North Carolina coast in 1969, a young woman who survived alone in the marsh becomes a murder suspect."
2021-07-11,5,Combined Print & E-Book Fiction,People We Meet On Vacation,Emily Henry,7,Opposites Poppy and Alex meet to vacation together one more time in hopes of saving their relationship.
2021-07-11,1,Combined Print & E-Book Nonfiction,The Body Keeps The Score,Bessel van der Kolk,44,"How trauma affects the body and mind, and innovative treatments for recovery."
2021-07-11,2,Combined Print & E-Book Nonfiction,Killing The Mob,Bill O'Reilly and Martin Dugard,8,The 10th book in the conservative commentator’s Killing series looks at organized crime in the United States during the 20th century.
2021-07-11,3,Combined Print & E-Book Nonfiction,The Bomber Mafia,Malcolm Gladwell,9,A look at the key players and outcomes of precision bombing during World War II.
2021-07-11,4,Combined Print & E-Book Nonfiction,Greenlights,Matthew McConaughey,36,The Academy Award-winning actor shares snippets from the diaries he kept over the last 35 years.
2021-07-11,5,Combined Print & E-Book Nonfiction,Untamed,Glennon Doyle,68,The activist and public speaker describes her journey of listening to her inner voice.
2021-07-11,1,Hardcover Fiction,The President'S Daughter,Bill Clinton and James Patterson,3,"Matthew Keating, a past president and former Navy SEAL, goes on his own to find his abducted teenage daughter."
2021-07-11,2,Hardcover Fiction,The Last Thing He Told Me,Laura Dave,8,Hannah Hall discovers truths about her missing husband and bonds with his daughter from a previous relationship.
2021-07-11,3,Hardcover Fiction,Malibu Rising,Taylor Jenkins Reid,4,An epic party has serious outcomes for four famous siblings.
2021-07-11,4,Hardcover Fiction,The Midnight Library,Matt Haig,30,Nora Seed finds a library beyond the edge of the universe that contains books with multiple possibilities of the lives one could have lived.
2021-07-11,5,Hardcover Fiction,Golden Girl,Elin Hilderbrand,4,A Nantucket novelist gets one final summer to watch what happens from the great beyond.
2021-07-11,1,Hardcover Nonfiction,Killing The Mob,Bill O'Reilly and Martin Dugard,8,The 10th book in the conservative commentator’s Killing series looks at organized crime in the United States during the 20th century.
2021-07-11,2,Hardcover Nonfiction,The Bomber Mafia,Malcolm Gladwell,9,A look at the key players and outcomes of precision bombing during World War II.
2021-07-11,3,Hardcover Nonfiction,Greenlights,Matthew McConaughey,36,The Academy Award-winning actor shares snippets from the diaries he kept over the last 35 years.
2021-07-11,4,Hardcover Nonfiction,Untamed,Glennon Doyle,68,The activist and public speaker describes her journey of listening to her inner voice.
2021-07-11,5,Hardcover Nonfiction,Caste,Isabel Wilkerson,47,The Pulitzer Prize-winning journalist examines aspects of caste systems across civilizations and reveals a rigid hierarchy in America today.
2021-07-11,1,Paperback Trade Fiction,Where The Crawdads Sing,Delia Owens,13,"In a quiet town on the North Carolina coast in 1969, a young woman who survived alone in the marsh becomes a murder suspect."
2021-07-11,2,Paperback Trade Fiction,People We Meet On Vacation,Emily Henry,7,Opposites Poppy and Alex meet to vacation together one more time in hopes of saving their relationship.
2021-07-11,3,Paperback Trade Fiction,The Song Of Achilles,Madeline Miller,36,A reimagining of Homer’s “Iliad” that is narrated by Achilles' companion Patroclus.
2021-07-11,4,Paperback Trade Fiction,It Ends With Us,Colleen Hoover,8,A battered wife raised in a violent home attempts to halt the cycle of abuse.
2021-07-11,5,Paperback Trade Fiction,The Seven Husbands Of Evelyn Hugo,Taylor Jenkins Reid,16,A movie icon recounts stories of her loves and career to a struggling magazine writer.
2021-07-11,1,Paperback Nonfiction,The Body Keeps The Score,Bessel van der Kolk,140,"How trauma affects the body and mind, and innovative treatments for recovery."
2021-07-11,2,Paperback Nonfiction,Braiding Sweetgrass,Robin Wall Kimmerer,63,A botanist and member of the Citizen Potawatomi Nation espouses having an understanding and appreciation of plants and animals.
2021-07-11,3,Paperback Nonfiction,Born A Crime,Trevor Noah,124,A memoir about growing up biracial in apartheid South Africa by the host of “The Daily Show.”
2021-07-11,4,Paperback Nonfiction,Sapiens,Yuval Noah Harari,150,How Homo sapiens became Earth’s dominant species.
2021-07-11,5,Paperback Nonfiction,White Fragility,Robin DiAngelo,147,Historical and cultural analyses on what causes defensive moves by white people and how this inhibits cross-racial dialogue.
2021-07-11,1,"Advice, How-To & Miscellaneous",Atomic Habits,James Clear,83,
2021-07-11,2,"Advice, How-To & Miscellaneous","The Boy, The Mole, The Fox And The Horse",Charlie Mackesy,82,
2021-07-11,3,"Advice, How-To & Miscellaneous",World Travel,Anthony Bourdain and Laurie Woolever,10,
2021-07-11,4,"Advice, How-To & Miscellaneous",The Subtle Art Of Not Giving A F*Ck,Mark Manson,208,
2021-07-11,5,"Advice, How-To & Miscellaneous",The Gifts Of Imperfection,Brené Brown,81,
2021-07-11,1,Children’s Middle Grade Hardcover,Wonder,R.J. Palacio,302,A boy with a facial deformity starts school.
2021-07-11,2,Children’s Middle Grade Hardcover,Refugee,Alan Gratz,136,Three children in three different conflicts look for safe haven.
2021-07-11,3,Children’s Middle Grade Hardcover,Stamped (For Kids),"Jason Reynolds, Ibram X. Kendi and Sonja Cherry-Paul",7,"An adaptation of ""Stamped"" for younger readers."
2021-07-11,4,Children’s Middle Grade Hardcover,"Dude Perfect 101 Tricks, Tips, And Cool Stuff", Dude Perfect with Travis Thrasher,1,Step-by-step instructions to do your own trick shots.
2021-07-11,5,Children’s Middle Grade Hardcover,The Ickabog,J.K. Rowling,33,A fearsome monster threatens the kingdom of Cornucopia.
2021-07-11,1,Children’s Picture Books,"Time For School, Little Blue Truck",Alice Schertle. Illustrated by Jill McElmurry,1,Blue gives a friend a ride to school.
2021-07-11,2,Children’s Picture Books,The Bench,"Meghan, the Duchess of Sussex. Illustrated by Christian Robinson",3,The special relationship between father and son.
2021-07-11,3,Children’s Picture Books,What Is God Like?,Rachel Held Evans and Matthew Paul Turner. Illustrated by Ying Hui Tan,2,Exploring the attributes of God.
2021-07-11,4,Children’s Picture Books,The Wonderful Things You Will Be,Emily Winfield Martin,268,A celebration of future possibilities.
2021-07-11,5,Children’s Picture Books,Dragons Love Tacos,Adam Rubin. Illustrated by Daniel Salmieri,314,What to serve your dragon-guests.
2021-07-11,1,Children’s Series,Shadow And Bone Trilogy,Leigh Bardugo,16,"The basis of the Netflix series; previously titled ""The Grisha Trilogy."""
2021-07-11,2,Children’s Series,Diary Of A Wimpy Kid,Jeff Kinney,641,The travails and challenges of adolescence.
2021-07-11,3,Children’s Series,Harry Potter,J.K. Rowling,640,A wizard hones his conjuring skills in the service of fighting evil.
2021-07-11,4,Children’s Series,Percy Jackson & The Olympians,Rick Riordan,577,A boy battles mythological monsters.
2021-07-11,5,Children’s Series,Awesome Friendly Kid,Jeff Kinney,15,Rowley Jefferson chronicles his life story and adventures.
2021-07-11,1,Young Adult Hardcover,The Hate U Give,Angie Thomas,220,A 16-year-old girl sees a police officer kill her friend.
2021-07-11,2,Young Adult Hardcover,One Of Us Is Lying,Karen M. McManus,178,"For five students, a detour into detention ends in murder."
2021-07-11,3,Young Adult Hardcover,Firekeeper'S Daughter,Angeline Boulley,14,Daunis investigates a deadly new drug being distributed in her tribal community.
2021-07-11,4,Young Adult Hardcover,Ace Of Spades,Faridah Abike-Iyimide,4,An anonymous texter known as Aces reveals secrets about an elite private school’s only two Black students.
2021-07-11,5,Young Adult Hardcover,Blackout,Dhonielle Clayton. et al,1,A collection of interconnected stories of Black teen love.
2021-07-04,1,Combined Print & E-Book Fiction,The President'S Daughter,Bill Clinton and James Patterson,2,"Matthew Keating, a past president and former Navy SEAL, goes on his own to find his abducted teenage daughter."
2021-07-04,2,Combined Print & E-Book Fiction,The Maidens,Alex Michaelides,1,A therapist suspects a Greek tragedy professor at Cambridge University of committing murder.
2021-07-04,3,Combined Print & E-Book Fiction,The Last Thing He Told Me,Laura Dave,7,Hannah Hall discovers truths about her missing husband and bonds with his daughter from a previous relationship.
2021-07-04,4,Combined Print & E-Book Fiction,Malibu Rising,Taylor Jenkins Reid,3,"Four famous siblings throw an epic party to celebrate the end of summer. But over the course of 24 hours, their lives will change forever."
2021-07-04,5,Combined Print & E-Book Fiction,Golden Girl,Elin Hilderbrand,3,A Nantucket novelist gets one final summer to watch what happens from the great beyond.
2021-07-04,1,Combined Print & E-Book Nonfiction,Killing The Mob,Bill O'Reilly and Martin Dugard,7,The 10th book in the conservative commentator’s Killing series looks at organized crime in the United States during the 20th century.
2021-07-04,2,Combined Print & E-Book Nonfiction,Live Your Life,Amanda Kloots with Anna Kloots,1,"The wife of the late Broadway star Nick Cordero recounts his battle with Covid-19 and the hope she found in her infant son, Elvis."
2021-07-04,3,Combined Print & E-Book Nonfiction,The Body Keeps The Score,Bessel van der Kolk,43,"How trauma affects the body and mind, and innovative treatments for recovery."
2021-07-04,4,Combined Print & E-Book Nonfiction,Greenlights,Matthew McConaughey,35,The Academy Award-winning actor shares snippets from the diaries he kept over the last 35 years.
2021-07-04,5,Combined Print & E-Book Nonfiction,The Bomber Mafia,Malcolm Gladwell,8,A look at the key players and outcomes of precision bombing during World War II.
2021-07-04,1,Hardcover Fiction,The President'S Daughter,Bill Clinton and James Patterson,2,"Matthew Keating, a past president and former Navy SEAL, goes on his own to find his abducted teenage daughter."
2021-07-04,2,Hardcover Fiction,The Maidens,Alex Michaelides,1,A therapist suspects a Greek tragedy professor at Cambridge University of committing murder.
2021-07-04,3,Hardcover Fiction,The Last Thing He Told Me,Laura Dave,7,Hannah Hall discovers truths about her missing husband and bonds with his daughter from a previous relationship.
2021-07-04,4,Hardcover Fiction,Sooley,John Grisham,8,Samuel Sooleymon receives a basketball scholarship to North Carolina Central and determines to bring his family over from a civil war-ravaged South Sudan.
2021-07-04,5,Hardcover Fiction,Golden Girl,Elin Hilderbrand,3,A Nantucket novelist gets one final summer to watch what happens from the great beyond.
2021-07-04,1,Hardcover Nonfiction,Killing The Mob,Bill O'Reilly and Martin Dugard,7,The 10th book in the conservative commentator’s Killing series looks at organized crime in the United States during the 20th century.
2021-07-04,2,Hardcover Nonfiction,Live Your Life,Amanda Kloots with Anna Kloots,1,"The wife of the late Broadway star Nick Cordero recounts his battle with Covid-19 and the hope she found in her infant son, Elvis."
2021-07-04,3,Hardcover Nonfiction,The Bomber Mafia,Malcolm Gladwell,8,A look at the key players and outcomes of precision bombing during World War II.
2021-07-04,4,Hardcover Nonfiction,Greenlights,Matthew McConaughey,35,The Academy Award-winning actor shares snippets from the diaries he kept over the last 35 years.
2021-07-04,5,Hardcover Nonfiction,What Happened To You?,Bruce D. Perry and Oprah Winfrey,8,An approach to dealing with trauma that shifts an essential question used to investigate it.
2021-07-04,1,Paperback Trade Fiction,Where The Crawdads Sing,Delia Owens,12,"In a quiet town on the North Carolina coast in 1969, a young woman who survived alone in the marsh becomes a murder suspect."
2021-07-04,2,Paperback Trade Fiction,The Song Of Achilles,Madeline Miller,35,A reimagining of Homer’s “Iliad” that is narrated by Achilles' companion Patroclus.
2021-07-04,3,Paperback Trade Fiction,People We Meet On Vacation,Emily Henry,6,Opposites Poppy and Alex meet to vacation together one more time in hopes of saving their relationship.
2021-07-04,4,Paperback Trade Fiction,The Silent Patient,Alex Michaelides,7,Theo Faber looks into the mystery of a famous painter who stops speaking after shooting her husband.
2021-07-04,5,Paperback Trade Fiction,It Ends With Us,Colleen Hoover,7,A battered wife raised in a violent home attempts to halt the cycle of abuse.
2021-07-04,1,Paperback Nonfiction,The Body Keeps The Score,Bessel van der Kolk,139,"How trauma affects the body and mind, and innovative treatments for recovery."
2021-07-04,2,Paperback Nonfiction,Born A Crime,Trevor Noah,123,A memoir about growing up biracial in apartheid South Africa by the host of “The Daily Show.”
2021-07-04,3,Paperback Nonfiction,Braiding Sweetgrass,Robin Wall Kimmerer,62,A botanist and member of the Citizen Potawatomi Nation espouses having an understanding and appreciation of plants and animals.
2021-07-04,4,Paperback Nonfiction,Sapiens,Yuval Noah Harari,149,How Homo sapiens became Earth’s dominant species.
2021-07-04,5,Paperback Nonfiction,White Fragility,Robin DiAngelo,146,Historical and cultural analyses on what causes defensive moves by white people and how this inhibits cross-racial dialogue.
2021-07-04,1,"Advice, How-To & Miscellaneous","The Boy, The Mole, The Fox And The Horse",Charlie Mackesy,81,
2021-07-04,2,"Advice, How-To & Miscellaneous",Atomic Habits,James Clear,82,
2021-07-04,3,"Advice, How-To & Miscellaneous",World Travel,Anthony Bourdain and Laurie Woolever,9,
2021-07-04,4,"Advice, How-To & Miscellaneous",The Plant-Based Athlete,Matt Frazier and Robert Cheeke with Rachel Holtzman,1,
2021-07-04,5,"Advice, How-To & Miscellaneous",The Women Of The Bible Speak,Shannon Bream,12,
2021-07-04,1,Children’s Middle Grade Hardcover,Refugee,Alan Gratz,135,Three children in three different conflicts look for safe haven.
2021-07-04,2,Children’s Middle Grade Hardcover,The Islanders,Mary Alice Monroe with Angela May,1,"Jake spends the summer on Dewees Island, S.C., with his grandmother."
2021-07-04,3,Children’s Middle Grade Hardcover,Wonder,R.J. Palacio,301,A boy with a facial deformity starts school.
2021-07-04,4,Children’s Middle Grade Hardcover,Stamped (For Kids),"Jason Reynolds, Ibram X. Kendi and Sonja Cherry-Paul",6,"An adaptation of ""Stamped"" for younger readers."
2021-07-04,5,Children’s Middle Grade Hardcover,The Ickabog,J.K. Rowling,32,A fearsome monster threatens the kingdom of Cornucopia.
2021-07-04,1,Children’s Picture Books,What Is God Like?,Rachel Held Evans and Matthew Paul Turner. Illustrated by Ying Hui Tan,1,Exploring the attributes of God.
2021-07-04,2,Children’s Picture Books,I Love Dad With The Very Hungry Caterpillar,Eric Carle,18,Celebrating dad with help from that insatiable insect.
2021-07-04,3,Children’s Picture Books,Why A Daughter Needs A Dad,Gregory E. Lang. Illustrated by Sydney Hanson,4,A father's love for his daughter.
2021-07-04,4,Children’s Picture Books,The Bench,"Meghan, the Duchess of Sussex. Illustrated by Christian Robinson",2,The special relationship between father and son.
2021-07-04,5,Children’s Picture Books,The Wonderful Things You Will Be,Emily Winfield Martin,267,A celebration of future possibilities.
2021-07-04,1,Children’s Series,Shadow And Bone Trilogy,Leigh Bardugo,15,"The basis of the Netflix series; previously titled ""The Grisha Trilogy."""
2021-07-04,2,Children’s Series,Diary Of A Wimpy Kid,Jeff Kinney,640,The travails and challenges of adolescence.
2021-07-04,3,Children’s Series,Harry Potter,J.K. Rowling,639,A wizard hones his conjuring skills in the service of fighting evil.
2021-07-04,4,Children’s Series,Awesome Friendly Kid,Jeff Kinney,14,Rowley Jefferson chronicles his life story and adventures.
2021-07-04,5,Children’s Series,Wings Of Fire,Tui T. Sutherland,119,Only the five dragonets of destiny can unite the seven warring dragon tribes.
2021-07-04,1,Young Adult Hardcover,One Of Us Is Lying,Karen M. McManus,177,"For five students, a detour into detention ends in murder."
2021-07-04,2,Young Adult Hardcover,Stamped,Jason Reynolds and Ibram X. Kendi,65,An exploration of racism and antiracism in America.
2021-07-04,3,Young Adult Hardcover,The Box In The Woods,Maureen Johnson,1, Stevie Bell goes undercover to crack a 1978 cold case at a summer camp.
2021-07-04,4,Young Adult Hardcover,Cosmic Queries,Neil DeGrasse Tyson with James Trefil,6,A collection of essays from the podcast and talk show StarTalk.
2021-07-04,5,Young Adult Hardcover,Realm Breaker,Victoria Aveyard,7,A small band of misfits attempt to save Allward.
2021-06-27,1,Combined Print & E-Book Fiction,The President'S Daughter,Bill Clinton and James Patterson,1,"Matthew Keating, a past president and former Navy SEAL, goes on his own to find his abducted teenage daughter."
2021-06-27,2,Combined Print & E-Book Fiction,Golden Girl,Elin Hilderbrand,2,A Nantucket novelist gets one final summer to watch what happens from the great beyond.
2021-06-27,3,Combined Print & E-Book Fiction,Tom Clancy: Target Acquired,Don Bentley,1,A cushy assignment to help the C.I.A. puts Jack Ryan Jr. in the sights of trained killers.
2021-06-27,4,Combined Print & E-Book Fiction,The Last Thing He Told Me,Laura Dave,6,Hannah Hall discovers truths about her missing husband and bonds with his daughter from a previous relationship.
2021-06-27,5,Combined Print & E-Book Fiction,Malibu Rising,Taylor Jenkins Reid,2,"Four famous siblings throw an epic party to celebrate the end of summer. But over the course of 24 hours, their lives will change forever."
2021-06-27,1,Combined Print & E-Book Nonfiction,Killing The Mob,Bill O'Reilly and Martin Dugard,6,The 10th book in the conservative commentator’s Killing series looks at organized crime in the United States during the 20th century.
2021-06-27,2,Combined Print & E-Book Nonfiction,The Body Keeps The Score,Bessel van der Kolk,42,"How trauma affects the body and mind, and innovative treatments for recovery."
2021-06-27,3,Combined Print & E-Book Nonfiction,What Happened To You?,Bruce D. Perry and Oprah Winfrey,7,An approach to dealing with trauma that shifts an essential question used to investigate it.
2021-06-27,4,Combined Print & E-Book Nonfiction,How The Word Is Passed,Clint Smith,2,A staff writer at The Atlantic explores the legacy of slavery and its imprint on centuries of American history.
2021-06-27,5,Combined Print & E-Book Nonfiction,Greenlights,Matthew McConaughey,34,The Academy Award-winning actor shares snippets from the diaries he kept over the last 35 years.
2021-06-27,1,Hardcover Fiction,The President'S Daughter,Bill Clinton and James Patterson,1,"Matthew Keating, a past president and former Navy SEAL, goes on his own to find his abducted teenage daughter."
2021-06-27,2,Hardcover Fiction,Golden Girl,Elin Hilderbrand,2,A Nantucket novelist gets one final summer to watch what happens from the great beyond.
2021-06-27,3,Hardcover Fiction,Malibu Rising,Taylor Jenkins Reid,2,"Four famous siblings throw an epic party to celebrate the end of summer. But over the course of 24 hours, their lives will change forever."
2021-06-27,4,Hardcover Fiction,The Last Thing He Told Me,Laura Dave,6,Hannah Hall discovers truths about her missing husband and bonds with his daughter from a previous relationship.
2021-06-27,5,Hardcover Fiction,Sooley,John Grisham,7,Samuel Sooleymon receives a basketball scholarship to North Carolina Central and determines to bring his family over from a civil war-ravaged South Sudan.
2021-06-27,1,Hardcover Nonfiction,Killing The Mob,Bill O'Reilly and Martin Dugard,6,The 10th book in the conservative commentator’s Killing series looks at organized crime in the United States during the 20th century.
2021-06-27,2,Hardcover Nonfiction,What Happened To You?,Bruce D. Perry and Oprah Winfrey,7,An approach to dealing with trauma that shifts an essential question used to investigate it.
2021-06-27,3,Hardcover Nonfiction,How The Word Is Passed,Clint Smith,2,A staff writer at The Atlantic explores the legacy of slavery and its imprint on centuries of American history.
2021-06-27,4,Hardcover Nonfiction,The Bomber Mafia,Malcolm Gladwell,7,A look at the key players and outcomes of precision bombing during World War II.
2021-06-27,5,Hardcover Nonfiction,Greenlights,Matthew McConaughey,34,The Academy Award-winning actor shares snippets from the diaries he kept over the last 35 years.
2021-06-27,1,Paperback Trade Fiction,Where The Crawdads Sing,Delia Owens,11,"In a quiet town on the North Carolina coast in 1969, a young woman who survived alone in the marsh becomes a murder suspect."
2021-06-27,2,Paperback Trade Fiction,Freed,E.L. James,2,The final chapter of the Fifty Shades as Told by Christian trilogy delves into the wedding between Christian Grey and Anastasia Steele.
2021-06-27,3,Paperback Trade Fiction,The Song Of Achilles,Madeline Miller,34,A reimagining of Homer’s “Iliad” that is narrated by Achilles' companion Patroclus.
2021-06-27,4,Paperback Trade Fiction,People We Meet On Vacation,Emily Henry,5,Opposites Poppy and Alex meet to vacation together one more time in hopes of saving their relationship.
2021-06-27,5,Paperback Trade Fiction,The Silent Patient,Alex Michaelides,6,Theo Faber looks into the mystery of a famous painter who stops speaking after shooting her husband.
2021-06-27,1,Paperback Nonfiction,The Body Keeps The Score,Bessel van der Kolk,138,"How trauma affects the body and mind, and innovative treatments for recovery."
2021-06-27,2,Paperback Nonfiction,Braiding Sweetgrass,Robin Wall Kimmerer,61,A botanist and member of the Citizen Potawatomi Nation espouses having an understanding and appreciation of plants and animals.
2021-06-27,3,Paperback Nonfiction,Born A Crime,Trevor Noah,122,A memoir about growing up biracial in apartheid South Africa by the host of “The Daily Show.”
2021-06-27,4,Paperback Nonfiction,Jesus And John Wayne,Kristin Kobes Du Mez,1,How rugged masculinity and Christian nationalism play a part in today’s white evangelicalism.
2021-06-27,5,Paperback Nonfiction,White Fragility,Robin DiAngelo,145,Historical and cultural analyses on what causes defensive moves by white people and how this inhibits cross-racial dialogue.
2021-06-27,1,"Advice, How-To & Miscellaneous","The Boy, The Mole, The Fox And The Horse",Charlie Mackesy,80,
2021-06-27,2,"Advice, How-To & Miscellaneous",Atomic Habits,James Clear,81,
2021-06-27,3,"Advice, How-To & Miscellaneous",Hormone Intelligence,Aviva Romm,1,
2021-06-27,4,"Advice, How-To & Miscellaneous",The Women Of The Bible Speak,Shannon Bream,11,
2021-06-27,5,"Advice, How-To & Miscellaneous",World Travel,Anthony Bourdain and Laurie Woolever,8,
2021-06-27,1,Children’s Middle Grade Hardcover,Wonder,R.J. Palacio,300,A boy with a facial deformity starts school.
2021-06-27,2,Children’s Middle Grade Hardcover,Refugee,Alan Gratz,134,Three children in three different conflicts look for safe haven.
2021-06-27,3,Children’s Middle Grade Hardcover,Stamped (For Kids),"Jason Reynolds, Ibram X. Kendi and Sonja Cherry-Paul",5,"An adaptation of ""Stamped"" for younger readers."
2021-06-27,4,Children’s Middle Grade Hardcover,The Game Master: Summer Schooled,Matt and Rebecca Zamolo,2,"Rebecca Zamolo takes on the Game Master, who threatens to ruin summer."
2021-06-27,5,Children’s Middle Grade Hardcover,The Ickabog,J.K. Rowling,31,A fearsome monster threatens the kingdom of Cornucopia.
2021-06-27,1,Children’s Picture Books,The Bench,"Meghan, the Duchess of Sussex. Illustrated by Christian Robinson",1,The special relationship between father and son.
2021-06-27,2,Children’s Picture Books,We Are Water Protectors,Carole Lindstrom. Illustrated by Michaela Goade,19,Standing up for environmental justice.
2021-06-27,3,Children’s Picture Books,I Love Dad With The Very Hungry Caterpillar,Eric Carle,17,Celebrating dad with help from that insatiable insect.
2021-06-27,4,Children’s Picture Books,Why A Daughter Needs A Dad,Gregory E. Lang. Illustrated by Sydney Hanson,3,A father's love for his daughter.
2021-06-27,5,Children’s Picture Books,I Wish You More,Amy Krouse Rosenthal. Illustrated by Tom Lichtenheld,68,A bounty of good wishes.
2021-06-27,1,Children’s Series,Shadow And Bone Trilogy,Leigh Bardugo,14,"The basis of the Netflix series; previously titled ""The Grisha Trilogy."""
2021-06-27,2,Children’s Series,Diary Of A Wimpy Kid,Jeff Kinney,639,The travails and challenges of adolescence.
2021-06-27,3,Children’s Series,Harry Potter,J.K. Rowling,638,A wizard hones his conjuring skills in the service of fighting evil.
2021-06-27,4,Children’s Series,Awesome Friendly Kid,Jeff Kinney,13,Rowley Jefferson chronicles his life story and adventures.
2021-06-27,5,Children’s Series,Wings Of Fire,Tui T. Sutherland,118,Only the five dragonets of destiny can unite the seven warring dragon tribes.
2021-06-27,1,Young Adult Hardcover,One Of Us Is Lying,Karen M. McManus,176,"For five students, a detour into detention ends in murder."
2021-06-27,2,Young Adult Hardcover,Stamped,Jason Reynolds and Ibram X. Kendi,64,An exploration of racism and antiracism in America.
2021-06-27,3,Young Adult Hardcover,Realm Breaker,Victoria Aveyard,6,A small band of misfits attempt to save Allward.
2021-06-27,4,Young Adult Hardcover,Rule Of Wolves,Leigh Bardugo,11,The second book in the King of Scars duology.
2021-06-27,5,Young Adult Hardcover,The Hate U Give,Angie Thomas,218,A 16-year-old girl sees a police officer kill her friend.
2021-06-20,1,Combined Print & E-Book Fiction,Freed,E.L. James,1,The final chapter of the Fifty Shades as Told by Christian trilogy delves into the wedding between Christian Grey and Anastasia Steele.
2021-06-20,2,Combined Print & E-Book Fiction,Golden Girl,Elin Hilderbrand,1,A Nantucket novelist gets one final summer to watch what happens from the great beyond.
2021-06-20,3,Combined Print & E-Book Fiction,Malibu Rising,Taylor Jenkins Reid,1,"Four famous siblings throw an epic party to celebrate the end of summer. But over the course of 24 hours, their lives will change forever."
2021-06-20,4,Combined Print & E-Book Fiction,The Last Thing He Told Me,Laura Dave,5,Hannah Hall discovers truths about her missing husband and bonds with his daughter from a previous relationship.
2021-06-20,5,Combined Print & E-Book Fiction,One Last Stop,Casey McQuiston,1,August meets the girl of her dreams on a New York subway only to find she’s from another time.
2021-06-20,1,Combined Print & E-Book Nonfiction,How The Word Is Passed,Clint Smith,1,A staff writer at The Atlantic explores the legacy of slavery and its imprint on centuries of American history.
2021-06-20,2,Combined Print & E-Book Nonfiction,Killing The Mob,Bill O'Reilly and Martin Dugard,5,The 10th book in the conservative commentator’s Killing series looks at organized crime in the United States during the 20th century.
2021-06-20,3,Combined Print & E-Book Nonfiction,After The Fall,Ben Rhodes,1,A former White House aide and close confidant to President Barack Obama traveled the globe to discover just how much America’s fingerprints are on the world we shaped.
2021-06-20,4,Combined Print & E-Book Nonfiction,The Premonition,Michael Lewis,5,Stories of skeptics who went against the official response of the Trump administration to the outbreak of Covid-19. The profiles include a local public-health officer and a group of doctors nicknamed the Wolverines.
2021-06-20,5,Combined Print & E-Book Nonfiction,What Happened To You?,Bruce D. Perry and Oprah Winfrey,6,An approach to dealing with trauma that shifts an essential question used to investigate it.
2021-06-20,1,Hardcover Fiction,Golden Girl,Elin Hilderbrand,1,A Nantucket novelist gets one final summer to watch what happens from the great beyond.
2021-06-20,2,Hardcover Fiction,Malibu Rising,Taylor Jenkins Reid,1,"Four famous siblings throw an epic party to celebrate the end of summer. But over the course of 24 hours, their lives will change forever."
2021-06-20,3,Hardcover Fiction,The Last Thing He Told Me,Laura Dave,5,Hannah Hall discovers truths about her missing husband and bonds with his daughter from a previous relationship.
2021-06-20,4,Hardcover Fiction,Sooley,John Grisham,6,Samuel Sooleymon receives a basketball scholarship to North Carolina Central and determines to bring his family over from a civil war-ravaged South Sudan.
2021-06-20,5,Hardcover Fiction,Legacy,Nora Roberts,2,Threats put in rhymes and sent from shifting locations escalate as the daughter of a successful fitness celebrity’s own yoga business grows.
2021-06-20,1,Hardcover Nonfiction,How The Word Is Passed,Clint Smith,1,A staff writer at The Atlantic explores the legacy of slavery and its imprint on centuries of American history.
2021-06-20,2,Hardcover Nonfiction,Killing The Mob,Bill O'Reilly and Martin Dugard,5,The 10th book in the conservative commentator’s Killing series looks at organized crime in the United States during the 20th century.
2021-06-20,3,Hardcover Nonfiction,What Happened To You?,Bruce D. Perry and Oprah Winfrey,6,An approach to dealing with trauma that shifts an essential question used to investigate it.
2021-06-20,4,Hardcover Nonfiction,After The Fall,Ben Rhodes,1,A former White House aide and close confidant to President Barack Obama traveled the globe to discover just how much America’s fingerprints are on the world we shaped.
2021-06-20,5,Hardcover Nonfiction,The Premonition,Michael Lewis,5,Stories of skeptics who went against the official response of the Trump administration to the outbreak of Covid-19. The profiles include a local public-health officer and a group of doctors nicknamed the Wolverines.
2021-06-20,1,Paperback Trade Fiction,Freed,E.L. James,1,The final chapter of the Fifty Shades as Told by Christian trilogy delves into the wedding between Christian Grey and Anastasia Steele.
2021-06-20,2,Paperback Trade Fiction,One Last Stop,Casey McQuiston,1,August meets the girl of her dreams on a New York subway only to find she’s from another time.
2021-06-20,3,Paperback Trade Fiction,Where The Crawdads Sing,Delia Owens,10,"In a quiet town on the North Carolina coast in 1969, a young woman who survived alone in the marsh becomes a murder suspect."
2021-06-20,4,Paperback Trade Fiction,People We Meet On Vacation,Emily Henry,4,Opposites Poppy and Alex meet to vacation together one more time in hopes of saving their relationship.
2021-06-20,5,Paperback Trade Fiction,The Song Of Achilles,Madeline Miller,33,A reimagining of Homer’s “Iliad” that is narrated by Achilles' companion Patroclus.
2021-06-20,1,Paperback Nonfiction,The Body Keeps The Score,Bessel van der Kolk,137,"How trauma affects the body and mind, and innovative treatments for recovery."
2021-06-20,2,Paperback Nonfiction,Braiding Sweetgrass,Robin Wall Kimmerer,60,A botanist and member of the Citizen Potawatomi Nation espouses having an understanding and appreciation of plants and animals.
2021-06-20,3,Paperback Nonfiction,Born A Crime,Trevor Noah,121,A memoir about growing up biracial in apartheid South Africa by the host of “The Daily Show.”
2021-06-20,4,Paperback Nonfiction,Killers Of The Flower Moon,David Grann,82,"The story of a murder spree in 1920s Oklahoma that targeted Osage Indians, whose lands contained oil. The fledgling F.B.I. intervened, ineffectively."
2021-06-20,5,Paperback Nonfiction,Sapiens,Yuval Noah Harari,147,How Homo sapiens became Earth’s dominant species.
2021-06-20,1,"Advice, How-To & Miscellaneous","The Boy, The Mole, The Fox And The Horse",Charlie Mackesy,79,
2021-06-20,2,"Advice, How-To & Miscellaneous",Atomic Habits,James Clear,80,
2021-06-20,3,"Advice, How-To & Miscellaneous",The Women Of The Bible Speak,Shannon Bream,10,
2021-06-20,4,"Advice, How-To & Miscellaneous",Make Your Bed,William H. McRaven,97,
2021-06-20,5,"Advice, How-To & Miscellaneous",World Travel,Anthony Bourdain and Laurie Woolever,7,
2021-06-20,1,Children’s Middle Grade Hardcover,Stamped (For Kids),"Jason Reynolds, Ibram X. Kendi and Sonja Cherry-Paul",4,"An adaptation of ""Stamped"" for younger readers."
2021-06-20,2,Children’s Middle Grade Hardcover,The Game Master: Summer Schooled,Matt and Rebecca Zamolo,1,"Rebecca Zamolo takes on the Game Master, who threatens to ruin summer."
2021-06-20,3,Children’s Middle Grade Hardcover,Refugee,Alan Gratz,133,Three children in three different conflicts look for safe haven.
2021-06-20,4,Children’s Middle Grade Hardcover,Wonder,R.J. Palacio,299,A boy with a facial deformity starts school.
2021-06-20,5,Children’s Middle Grade Hardcover,The Ickabog,J.K. Rowling,30,A fearsome monster threatens the kingdom of Cornucopia.
2021-06-20,1,Children’s Picture Books,"Strange Planet: The Sneaking, Hiding, Vibrating Creature",Nathan W. Pyle,1,Lifegiver and Offspring study the behavior of a feline.
2021-06-20,2,Children’s Picture Books,I Love Dad With The Very Hungry Caterpillar,Eric Carle,16,Celebrating dad with help from that insatiable insect.
2021-06-20,3,Children’s Picture Books,I Wish You More,Amy Krouse Rosenthal. Illustrated by Tom Lichtenheld,67,A bounty of good wishes.
2021-06-20,4,Children’s Picture Books,Why A Daughter Needs A Dad,Gregory E. Lang. Illustrated by Sydney Hanson,2,A father's love for his daughter.
2021-06-20,5,Children’s Picture Books,The Wonderful Things You Will Be,Emily Winfield Martin,265,A celebration of future possibilities.
2021-06-20,1,Children’s Series,Shadow And Bone Trilogy,Leigh Bardugo,13,"The basis of the Netflix series; previously titled ""The Grisha Trilogy."""
2021-06-20,2,Children’s Series,Diary Of A Wimpy Kid,Jeff Kinney,638,The travails and challenges of adolescence.
2021-06-20,3,Children’s Series,Harry Potter,J.K. Rowling,637,A wizard hones his conjuring skills in the service of fighting evil.
2021-06-20,4,Children’s Series,Awesome Friendly Kid,Jeff Kinney,12,Rowley Jefferson chronicles his life story and adventures.
2021-06-20,5,Children’s Series,Wings Of Fire,Tui T. Sutherland,117,Only the five dragonets of destiny can unite the seven warring dragon tribes.
2021-06-20,1,Young Adult Hardcover,Instructions For Dancing,Nicola Yoon,1,"Giving up on love, Evie Thomas joins the La Brea Dance studio and meets Xavier."
2021-06-20,2,Young Adult Hardcover,One Of Us Is Lying,Karen M. McManus,175,"For five students, a detour into detention ends in murder."
2021-06-20,3,Young Adult Hardcover,Realm Breaker,Victoria Aveyard,5,A small band of misfits attempt to save Allward.
2021-06-20,4,Young Adult Hardcover,Stamped,Jason Reynolds and Ibram X. Kendi,63,An exploration of racism and antiracism in America.
2021-06-20,5,Young Adult Hardcover,Rule Of Wolves,Leigh Bardugo,10,The second book in the King of Scars duology.
2021-06-13,1,Combined Print & E-Book Fiction,Legacy,Nora Roberts,1,Threats put in rhymes and sent from shifting locations escalate as the daughter of a successful fitness celebrity’s own yoga business grows.
2021-06-13,2,Combined Print & E-Book Fiction,The Last Thing He Told Me,Laura Dave,4,Hannah Hall discovers truths about her missing husband and bonds with his daughter from a previous relationship.
2021-06-13,3,Combined Print & E-Book Fiction,Shadow Storm,Christine Feehan,1,The sixth book in the Shadow Riders series. Emmanuelle is pulled toward Valentino and his family’s private war.
2021-06-13,4,Combined Print & E-Book Fiction,Project Hail Mary,Andy Weir,4,"Ryland Grace awakes from a long sleep alone and far from home, and the fate of humanity rests on his shoulders."
2021-06-13,5,Combined Print & E-Book Fiction,Sooley,John Grisham,5,Samuel Sooleymon receives a basketball scholarship to North Carolina Central and determines to bring his family over from a civil war-ravaged South Sudan.
2021-06-13,1,Combined Print & E-Book Nonfiction,Killing The Mob,Bill O'Reilly and Martin Dugard,4,The 10th book in the conservative commentator’s Killing series looks at organized crime in the United States during the 20th century.
2021-06-13,2,Combined Print & E-Book Nonfiction,What Happened To You?,Bruce D. Perry and Oprah Winfrey,5,An approach to dealing with trauma that shifts an essential question used to investigate it.
2021-06-13,3,Combined Print & E-Book Nonfiction,The Anthropocene Reviewed,John Green,2,A collection of personal essays that review different facets of the human-centered planet.
2021-06-13,4,Combined Print & E-Book Nonfiction,Zero Fail,Carol Leonnig,2,"The three-time Pulitzer Prize winner brings to light the secrets, scandals and shortcomings of the Secret Service."
2021-06-13,5,Combined Print & E-Book Nonfiction,The Premonition,Michael Lewis,4,Stories of skeptics who went against the official response of the Trump administration to the outbreak of Covid-19. The profiles include a local public-health officer and a group of doctors nicknamed the Wolverines.
2021-06-13,1,Hardcover Fiction,Legacy,Nora Roberts,1,Threats put in rhymes and sent from shifting locations escalate as the daughter of a successful fitness celebrity’s own yoga business grows.
2021-06-13,2,Hardcover Fiction,The Last Thing He Told Me,Laura Dave,4,Hannah Hall discovers truths about her missing husband and bonds with his daughter from a previous relationship.
2021-06-13,3,Hardcover Fiction,Sooley,John Grisham,5,Samuel Sooleymon receives a basketball scholarship to North Carolina Central and determines to bring his family over from a civil war-ravaged South Sudan.
2021-06-13,4,Hardcover Fiction,Project Hail Mary,Andy Weir,4,"Ryland Grace awakes from a long sleep alone and far from home, and the fate of humanity rests on his shoulders."
2021-06-13,5,Hardcover Fiction,While Justice Sleeps,Stacey Abrams,3,"When Justice Wynn slips into a coma, his law clerk, Avery Keene, must unravel the clues of a controversial case."
2021-06-13,1,Hardcover Nonfiction,Killing The Mob,Bill O'Reilly and Martin Dugard,4,The 10th book in the conservative commentator’s Killing series looks at organized crime in the United States during the 20th century.
2021-06-13,2,Hardcover Nonfiction,The Anthropocene Reviewed,John Green,2,A collection of personal essays that review different facets of the human-centered planet.
2021-06-13,3,Hardcover Nonfiction,What Happened To You?,Bruce D. Perry and Oprah Winfrey,5,An approach to dealing with trauma that shifts an essential question used to investigate it.
2021-06-13,4,Hardcover Nonfiction,Greenlights,Matthew McConaughey,32,The Academy Award-winning actor shares snippets from the diaries he kept over the last 35 years.
2021-06-13,5,Hardcover Nonfiction,Zero Fail,Carol Leonnig,2,"The three-time Pulitzer Prize winner brings to light the secrets, scandals and shortcomings of the Secret Service."
2021-06-13,1,Paperback Trade Fiction,Where The Crawdads Sing,Delia Owens,9,"In a quiet town on the North Carolina coast in 1969, a young woman who survived alone in the marsh becomes a murder suspect."
2021-06-13,2,Paperback Trade Fiction,The Song Of Achilles,Madeline Miller,32,A reimagining of Homer’s “Iliad” that is narrated by Achilles' companion Patroclus.
2021-06-13,3,Paperback Trade Fiction,People We Meet On Vacation,Emily Henry,3,Opposites Poppy and Alex meet to vacation together one more time in hopes of saving their relationship.
2021-06-13,4,Paperback Trade Fiction,The Silent Patient,Alex Michaelides,4,Theo Faber looks into the mystery of a famous painter who stops speaking after shooting her husband.
2021-06-13,5,Paperback Trade Fiction,The Book Of Lost Names,Kristin Harmel,1,A woman who helped Jewish children flee the Nazis during World War II now might be the only one who can unlock a code found in a religious text.
2021-06-13,1,Paperback Nonfiction,The Body Keeps The Score,Bessel van der Kolk,136,"How trauma affects the body and mind, and innovative treatments for recovery."
2021-06-13,2,Paperback Nonfiction,Born A Crime,Trevor Noah,120,A memoir about growing up biracial in apartheid South Africa by the host of “The Daily Show.”
2021-06-13,3,Paperback Nonfiction,Braiding Sweetgrass,Robin Wall Kimmerer,59,A botanist and member of the Citizen Potawatomi Nation espouses having an understanding and appreciation of plants and animals.
2021-06-13,4,Paperback Nonfiction,Killers Of The Flower Moon,David Grann,81,"The story of a murder spree in 1920s Oklahoma that targeted Osage Indians, whose lands contained oil. The fledgling F.B.I. intervened, ineffectively."
2021-06-13,5,Paperback Nonfiction,Becoming,Michelle Obama,13,"The former first lady describes her journey from the South Side of Chicago to the White House, and how she balanced work, family and her husband’s political ascent."
2021-06-13,1,"Advice, How-To & Miscellaneous","The Boy, The Mole, The Fox And The Horse",Charlie Mackesy,78,
2021-06-13,2,"Advice, How-To & Miscellaneous",Atomic Habits,James Clear,79,
2021-06-13,3,"Advice, How-To & Miscellaneous",The Women Of The Bible Speak,Shannon Bream,9,
2021-06-13,4,"Advice, How-To & Miscellaneous",The Menopause Manifesto,Jen Gunter,1,
2021-06-13,5,"Advice, How-To & Miscellaneous",World Travel,Anthony Bourdain and Laurie Woolever,6,
2021-06-13,1,Children’s Middle Grade Hardcover,Stamped (For Kids),"Jason Reynolds, Ibram X. Kendi and Sonja Cherry-Paul",3,"An adaptation of ""Stamped"" for younger readers."
2021-06-13,2,Children’s Middle Grade Hardcover,Wonder,R.J. Palacio,298,A boy with a facial deformity starts school.
2021-06-13,3,Children’s Middle Grade Hardcover,The Ickabog,J.K. Rowling,29,A fearsome monster threatens the kingdom of Cornucopia.
2021-06-13,4,Children’s Middle Grade Hardcover,Refugee,Alan Gratz,132,Three children in three different conflicts look for safe haven.
2021-06-13,5,Children’s Middle Grade Hardcover,Best Nerds Forever,James Patterson and Chris Grabenstein,3,"As a ghost, Finn attempts to solve his own murder."
2021-06-13,1,Children’s Picture Books,I Wish You More,Amy Krouse Rosenthal. Illustrated by Tom Lichtenheld,66,A bounty of good wishes.
2021-06-13,2,Children’s Picture Books,"Thank You, Teacher From The Very Hungry Caterpillar",Eric Carle,3,The insatiable insect's pedagogue appreciation.
2021-06-13,3,Children’s Picture Books,The Wonderful Things You Will Be,Emily Winfield Martin,264,A celebration of future possibilities.
2021-06-13,4,Children’s Picture Books,What The Road Said,Cleo Wade. Illustrated by Lucie de Moyencourt,7,A road answers a child's many questions about life.
2021-06-13,5,Children’s Picture Books,We Are Water Protectors,Carole Lindstrom. Illustrated by Michaela Goade,17,Standing up for environmental justice.
2021-06-13,1,Children’s Series,Shadow And Bone Trilogy,Leigh Bardugo,12,"The basis of the Netflix series; previously titled ""The Grisha Trilogy."""
2021-06-13,2,Children’s Series,Diary Of A Wimpy Kid,Jeff Kinney,637,The travails and challenges of adolescence.
2021-06-13,3,Children’s Series,Awesome Friendly Kid,Jeff Kinney,11,Rowley Jefferson chronicles his life story and adventures.
2021-06-13,4,Children’s Series,Harry Potter,J.K. Rowling,636,A wizard hones his conjuring skills in the service of fighting evil.
2021-06-13,5,Children’s Series,What Was . . . ?,various authors,17,Exploring milestones and events in American culture and history.
2021-06-13,1,Young Adult Hardcover,Stamped,Jason Reynolds and Ibram X. Kendi,62,An exploration of racism and antiracism in America.
2021-06-13,2,Young Adult Hardcover,One Of Us Is Lying,Karen M. McManus,174,"For five students, a detour into detention ends in murder."
2021-06-13,3,Young Adult Hardcover,Realm Breaker,Victoria Aveyard,4,A small band of misfits attempt to save Allward.
2021-06-13,4,Young Adult Hardcover,Mister Impossible,Maggie Stiefvater,2,"Ronan, Hennessy and Bryde try to make dreamers more powerful."
2021-06-13,5,Young Adult Hardcover,Rule Of Wolves,Leigh Bardugo,9,The second book in the King of Scars duology.
2021-06-06,1,Combined Print & E-Book Fiction,The Last Thing He Told Me,Laura Dave,3,Hannah Hall discovers truths about her missing husband and bonds with his daughter from a previous relationship.
2021-06-06,2,Combined Print & E-Book Fiction,Sooley,John Grisham,4,Samuel Sooleymon receives a basketball scholarship to North Carolina Central and determines to bring his family over from a civil war-ravaged South Sudan.
2021-06-06,3,Combined Print & E-Book Fiction,Project Hail Mary,Andy Weir,3,"Ryland Grace awakes from a long sleep alone and far from home, and the fate of humanity rests on his shoulders."
2021-06-06,4,Combined Print & E-Book Fiction,Where The Crawdads Sing,Delia Owens,131,"In a quiet town on the North Carolina coast in 1969, a young woman who survived alone in the marsh becomes a murder suspect."
2021-06-06,5,Combined Print & E-Book Fiction,21St Birthday,James Patterson and Maxine Paetro,3,The 21st book in the Women’s Murder Club series. New evidence changes the investigation of a missing mother.
2021-06-06,1,Combined Print & E-Book Nonfiction,The Anthropocene Reviewed,John Green,1,A collection of personal essays that review different facets of the human-centered planet.
2021-06-06,2,Combined Print & E-Book Nonfiction,Zero Fail,Carol Leonnig,1,"The three-time Pulitzer Prize winner brings to light the secrets, scandals and shortcomings of the Secret Service."
2021-06-06,3,Combined Print & E-Book Nonfiction,Killing The Mob,Bill O'Reilly and Martin Dugard,3,The 10th book in the conservative commentator’s Killing series looks at organized crime in the United States during the 20th century.
2021-06-06,4,Combined Print & E-Book Nonfiction,Noise,"Daniel Kahneman, Olivier Sibony and Cass R. Sunstein",1,What might cause variability in judgments that should be identical and potential ways to remedy this.
2021-06-06,5,Combined Print & E-Book Nonfiction,What Happened To You?,Bruce D. Perry and Oprah Winfrey,4,An approach to dealing with trauma that shifts an essential question used to investigate it.
2021-06-06,1,Hardcover Fiction,Sooley,John Grisham,4,Samuel Sooleymon receives a basketball scholarship to North Carolina Central and determines to bring his family over from a civil war-ravaged South Sudan.
2021-06-06,2,Hardcover Fiction,The Last Thing He Told Me,Laura Dave,3,Hannah Hall discovers truths about her missing husband and bonds with his daughter from a previous relationship.
2021-06-06,3,Hardcover Fiction,Project Hail Mary,Andy Weir,3,"Ryland Grace awakes from a long sleep alone and far from home, and the fate of humanity rests on his shoulders."
2021-06-06,4,Hardcover Fiction,While Justice Sleeps,Stacey Abrams,2,"When Justice Wynn slips into a coma, his law clerk, Avery Keene, must unravel the clues of a controversial case."
2021-06-06,5,Hardcover Fiction,21St Birthday,James Patterson and Maxine Paetro,3,The 21st book in the Women’s Murder Club series. New evidence changes the investigation of a missing mother.
2021-06-06,1,Hardcover Nonfiction,The Anthropocene Reviewed,John Green,1,A collection of personal essays that review different facets of the human-centered planet.
2021-06-06,2,Hardcover Nonfiction,Zero Fail,Carol Leonnig,1,"The three-time Pulitzer Prize winner brings to light the secrets, scandals and shortcomings of the Secret Service."
2021-06-06,3,Hardcover Nonfiction,Killing The Mob,Bill O'Reilly and Martin Dugard,3,The 10th book in the conservative commentator’s Killing series looks at organized crime in the United States during the 20th century.
2021-06-06,4,Hardcover Nonfiction,What Happened To You?,Bruce D. Perry and Oprah Winfrey,4,An approach to dealing with trauma that shifts an essential question used to investigate it.
2021-06-06,5,Hardcover Nonfiction,Noise,"Daniel Kahneman, Olivier Sibony and Cass R. Sunstein",1,What might cause variability in judgments that should be identical and potential ways to remedy this.
2021-06-06,1,Paperback Trade Fiction,Where The Crawdads Sing,Delia Owens,8,"In a quiet town on the North Carolina coast in 1969, a young woman who survived alone in the marsh becomes a murder suspect."
2021-06-06,2,Paperback Trade Fiction,The Song Of Achilles,Madeline Miller,31,A reimagining of Homer’s “Iliad” that is narrated by Achilles' companion Patroclus.
2021-06-06,3,Paperback Trade Fiction,The Silent Patient,Alex Michaelides,3,Theo Faber looks into the mystery of a famous painter who stops speaking after shooting her husband.
2021-06-06,4,Paperback Trade Fiction,People We Meet On Vacation,Emily Henry,2,Opposites Poppy and Alex meet to vacation together one more time in hopes of saving their relationship.
2021-06-06,5,Paperback Trade Fiction,The Woman In The Window,A.J. Finn,72,A recluse who drinks heavily and takes prescription drugs may have witnessed a crime across from her Harlem townhouse.
2021-06-06,1,Paperback Nonfiction,The Body Keeps The Score,Bessel van der Kolk,135,"How trauma affects the body and mind, and innovative treatments for recovery."
2021-06-06,2,Paperback Nonfiction,Just Mercy,Bryan Stevenson,250,A civil rights lawyer and MacArthur grant recipient’s memoir of his decades of work to free innocent people condemned to death.
2021-06-06,3,Paperback Nonfiction,White Fragility,Robin DiAngelo,142,Historical and cultural analyses on what causes defensive moves by white people and how this inhibits cross-racial dialogue.
2021-06-06,4,Paperback Nonfiction,Born A Crime,Trevor Noah,119,A memoir about growing up biracial in apartheid South Africa by the host of “The Daily Show.”
2021-06-06,5,Paperback Nonfiction,Becoming,Michelle Obama,12,"The former first lady describes her journey from the South Side of Chicago to the White House, and how she balanced work, family and her husband’s political ascent."
2021-06-06,1,"Advice, How-To & Miscellaneous","The Boy, The Mole, The Fox And The Horse",Charlie Mackesy,77,
2021-06-06,2,"Advice, How-To & Miscellaneous",Atomic Habits,James Clear,78,
2021-06-06,3,"Advice, How-To & Miscellaneous",You Will Get Through This Night,Daniel Howell,1,
2021-06-06,4,"Advice, How-To & Miscellaneous",The Women Of The Bible Speak,Shannon Bream,8,
2021-06-06,5,"Advice, How-To & Miscellaneous",World Travel,Anthony Bourdain and Laurie Woolever,5,
2021-06-06,1,Children’s Middle Grade Hardcover,Stamped (For Kids),"Jason Reynolds, Ibram X. Kendi and Sonja Cherry-Paul",2,"An adaptation of ""Stamped"" for younger readers."
2021-06-06,2,Children’s Middle Grade Hardcover,Wonder,R.J. Palacio,297,A boy with a facial deformity starts school.
2021-06-06,3,Children’s Middle Grade Hardcover,The One And Only Bob,Katherine Applegate. Illustrated by Patricia Castelao,55,"In this sequel to ""The One and Only Ivan,"" Bob sets out on a dangerous journey in search of his long-lost sister."
2021-06-06,4,Children’s Middle Grade Hardcover,The Ickabog,J.K. Rowling,28,A fearsome monster threatens the kingdom of Cornucopia.
2021-06-06,5,Children’s Middle Grade Hardcover,Refugee,Alan Gratz,131,Three children in three different conflicts look for safe haven.
2021-06-06,1,Children’s Picture Books,I Wish You More,Amy Krouse Rosenthal. Illustrated by Tom Lichtenheld,65,A bounty of good wishes.
2021-06-06,2,Children’s Picture Books,"Thank You, Teacher From The Very Hungry Caterpillar",Eric Carle,2,The insatiable insect's pedagogue appreciation.
2021-06-06,3,Children’s Picture Books,The Wonderful Things You Will Be,Emily Winfield Martin,263,A celebration of future possibilities.
2021-06-06,4,Children’s Picture Books,Shady Baby,Gabrielle Union-Wade and Dwyane Wade Jr. Illustrated by Tara Nicole Whitaker,1,Kaavia speaks up for what's right!
2021-06-06,5,Children’s Picture Books,The Circles All Around Us,Brad Montague. Illustrated by Brad and Kristi Montague,1,Expanding our circles of community and connections as we grow.
2021-06-06,1,Children’s Series,Shadow And Bone Trilogy,Leigh Bardugo,11,"The basis of the Netflix series; previously titled ""The Grisha Trilogy."""
2021-06-06,2,Children’s Series,Diary Of A Wimpy Kid,Jeff Kinney,636,The travails and challenges of adolescence.
2021-06-06,3,Children’s Series,Awesome Friendly Kid,Jeff Kinney,10,Rowley Jefferson chronicles his life story and adventures.
2021-06-06,4,Children’s Series,Harry Potter,J.K. Rowling,635,A wizard hones his conjuring skills in the service of fighting evil.
2021-06-06,5,Children’s Series,Wings Of Fire,Tui T. Sutherland,115,Only the five dragonets of destiny can unite the seven warring dragon tribes.
2021-06-06,1,Young Adult Hardcover,Realm Breaker,Victoria Aveyard,3,A small band of misfits attempt to save Allward.
2021-06-06,2,Young Adult Hardcover,Mister Impossible,Maggie Stiefvater,1,"Ronan, Hennessy and Bryde try to make dreamers more powerful."
2021-06-06,3,Young Adult Hardcover,Stamped,Jason Reynolds and Ibram X. Kendi,61,An exploration of racism and antiracism in America.
2021-06-06,4,Young Adult Hardcover,One Of Us Is Lying,Karen M. McManus,173,"For five students, a detour into detention ends in murder."
2021-06-06,5,Young Adult Hardcover,Rule Of Wolves,Leigh Bardugo,8,The second book in the King of Scars duology.
2021-05-30,1,Combined Print & E-Book Fiction,While Justice Sleeps,Stacey Abrams,1,"When Justice Wynn slips into a coma, his law clerk, Avery Keene, must unravel the clues of a controversial case."
2021-05-30,2,Combined Print & E-Book Fiction,Sooley,John Grisham,3,Samuel Sooleymon receives a basketball scholarship to North Carolina Central and determines to bring his family over from a civil war-ravaged South Sudan.
2021-05-30,3,Combined Print & E-Book Fiction,The Last Thing He Told Me,Laura Dave,2,Hannah Hall discovers truths about her missing husband and bonds with his daughter from a previous relationship.
2021-05-30,4,Combined Print & E-Book Fiction,That Summer,Jennifer Weiner,1,Daisy Shoemaker receives emails intended for a woman leading a more glamorous life and finds there was more to this accident.
2021-05-30,5,Combined Print & E-Book Fiction,People We Meet On Vacation,Emily Henry,1,Opposites Poppy and Alex meet to vacation together one more time in hopes of saving their relationship.
2021-05-30,1,Combined Print & E-Book Nonfiction,Killing The Mob,Bill O'Reilly and Martin Dugard,2,The 10th book in the conservative commentator’s Killing series looks at organized crime in the United States during the 20th century.
2021-05-30,2,Combined Print & E-Book Nonfiction,Yearbook,Seth Rogen,1,"A collection of personal essays by the actor, writer, producer, director, entrepreneur and philanthropist."
2021-05-30,3,Combined Print & E-Book Nonfiction,Billie Eilish,Billie Eilish,1,A memoir by the multiple Grammy Award-winning recording artist.
2021-05-30,4,Combined Print & E-Book Nonfiction,The Premonition,Michael Lewis,2,Stories of skeptics who went against the official response of the Trump administration to the outbreak of Covid-19. The profiles include a local public-health officer and a group of doctors nicknamed the Wolverines.
2021-05-30,5,Combined Print & E-Book Nonfiction,What Happened To You?,Bruce D. Perry and Oprah Winfrey,3,An approach to dealing with trauma that shifts an essential question used to investigate it.
2021-05-30,1,Hardcover Fiction,While Justice Sleeps,Stacey Abrams,1,"When Justice Wynn slips into a coma, his law clerk, Avery Keene, must unravel the clues of a controversial case."
2021-05-30,2,Hardcover Fiction,Sooley,John Grisham,3,Samuel Sooleymon receives a basketball scholarship to North Carolina Central and determines to bring his family over from a civil war-ravaged South Sudan.
2021-05-30,3,Hardcover Fiction,21St Birthday,James Patterson and Maxine Paetro,2,The 21st book in the Women’s Murder Club series. New evidence changes the investigation of a missing mother.
2021-05-30,4,Hardcover Fiction,The Hill We Climb,Amanda Gorman,7,"The poem read on President Joe Biden's Inauguration Day, by the youngest poet to write and perform an inaugural poem."
2021-05-30,5,Hardcover Fiction,That Summer,Jennifer Weiner,1,Daisy Shoemaker receives emails intended for a woman leading a more glamorous life and finds there was more to this accident.
2021-05-30,1,Hardcover Nonfiction,Killing The Mob,Bill O'Reilly and Martin Dugard,2,The 10th book in the conservative commentator’s Killing series looks at organized crime in the United States during the 20th century.
2021-05-30,2,Hardcover Nonfiction,Yearbook,Seth Rogen,1,"A collection of personal essays by the actor, writer, producer, director, entrepreneur and philanthropist."
2021-05-30,3,Hardcover Nonfiction,Billie Eilish,Billie Eilish,1,A memoir by the multiple Grammy Award-winning recording artist.
2021-05-30,4,Hardcover Nonfiction,What Happened To You?,Bruce D. Perry and Oprah Winfrey,3,An approach to dealing with trauma that shifts an essential question used to investigate it.
2021-05-30,5,Hardcover Nonfiction,Brat,Andrew McCarthy,1,The travel writer and television director describes coming of age in the New York area and starring in iconic 1980s movie roles.
2021-05-30,1,Paperback Trade Fiction,People We Meet On Vacation,Emily Henry,1,Opposites Poppy and Alex meet to vacation together one more time in hopes of saving their relationship.
2021-05-30,2,Paperback Trade Fiction,Where The Crawdads Sing,Delia Owens,7,"In a quiet town on the North Carolina coast in 1969, a young woman who survived alone in the marsh becomes a murder suspect."
2021-05-30,3,Paperback Trade Fiction,The Silent Patient,Alex Michaelides,2,Theo Faber looks into the mystery of a famous painter who stops speaking after shooting her husband.
2021-05-30,4,Paperback Trade Fiction,The Song Of Achilles,Madeline Miller,30,A reimagining of Homer’s “Iliad” that is narrated by Achilles' companion Patroclus.
2021-05-30,5,Paperback Trade Fiction,The Woman In The Window,A.J. Finn,71,A recluse who drinks heavily and takes prescription drugs may have witnessed a crime across from her Harlem townhouse.
2021-05-30,1,Paperback Nonfiction,The Body Keeps The Score,Bessel van der Kolk,134,"How trauma affects the body and mind, and innovative treatments for recovery."
2021-05-30,2,Paperback Nonfiction,Braiding Sweetgrass,Robin Wall Kimmerer,57,A botanist and member of the Citizen Potawatomi Nation espouses having an understanding and appreciation of plants and animals.
2021-05-30,3,Paperback Nonfiction,Press Reset,Jason Schreier,1,A look at the paradox of success in the video game industry and outcomes of game studio shutdowns.
2021-05-30,4,Paperback Nonfiction,Becoming,Michelle Obama,11,"The former first lady describes her journey from the South Side of Chicago to the White House, and how she balanced work, family and her husband’s political ascent."
2021-05-30,5,Paperback Nonfiction,Killers Of The Flower Moon,David Grann,79,"The story of a murder spree in 1920s Oklahoma that targeted Osage Indians, whose lands contained oil. The fledgling F.B.I. intervened, ineffectively."
2021-05-30,1,"Advice, How-To & Miscellaneous","The Boy, The Mole, The Fox And The Horse",Charlie Mackesy,76,
2021-05-30,2,"Advice, How-To & Miscellaneous",The Women Of The Bible Speak,Shannon Bream,7,
2021-05-30,3,"Advice, How-To & Miscellaneous",Atomic Habits,James Clear,77,
2021-05-30,4,"Advice, How-To & Miscellaneous",World Travel,Anthony Bourdain and Laurie Woolever,4,
2021-05-30,5,"Advice, How-To & Miscellaneous",Make Your Bed,William H. McRaven,94,
2021-05-30,1,Children’s Middle Grade Hardcover,Stamped (For Kids),"Jason Reynolds, Ibram X. Kendi and Sonja Cherry-Paul",1,"An adaptation of ""Stamped"" for younger readers."
2021-05-30,2,Children’s Middle Grade Hardcover,The One And Only Bob,Katherine Applegate. Illustrated by Patricia Castelao,54,"In this sequel to ""The One and Only Ivan,"" Bob sets out on a dangerous journey in search of his long-lost sister."
2021-05-30,3,Children’s Middle Grade Hardcover,Wonder,R.J. Palacio,296,A boy with a facial deformity starts school.
2021-05-30,4,Children’s Middle Grade Hardcover,Uncomfortable Conversations With A Black Boy,Emmanuel Acho,2,A dialogue about systemic racism.
2021-05-30,5,Children’s Middle Grade Hardcover,The Ickabog,J.K. Rowling,27,A fearsome monster threatens the kingdom of Cornucopia.
2021-05-30,1,Children’s Picture Books,Peace Train,Cat Stevens. Illustrated by Peter H. Reynolds,1,A visual interpretation of the classic 1971 song.
2021-05-30,2,Children’s Picture Books,I Wish You More,Amy Krouse Rosenthal. Illustrated by Tom Lichtenheld,64,A bounty of good wishes.
2021-05-30,3,Children’s Picture Books,Eyes That Kiss In The Corners,Joanna Ho. Illustrated by Dung Ho,11,A tale of self-acceptance and respect for one’s roots.
2021-05-30,4,Children’s Picture Books,We Are Water Protectors,Carole Lindstrom. Illustrated by Michaela Goade,15,Standing up for environmental justice.
2021-05-30,5,Children’s Picture Books,The Wonderful Things You Will Be,Emily Winfield Martin,262,A celebration of future possibilities.
2021-05-30,1,Children’s Series,Shadow And Bone Trilogy,Leigh Bardugo,10,"The basis of the Netflix series; previously titled ""The Grisha Trilogy."""
2021-05-30,2,Children’s Series,Diary Of A Wimpy Kid,Jeff Kinney,635,The travails and challenges of adolescence.
2021-05-30,3,Children’s Series,Awesome Friendly Kid,Jeff Kinney,9,Rowley Jefferson chronicles his life story and adventures.
2021-05-30,4,Children’s Series,Harry Potter,J.K. Rowling,634,A wizard hones his conjuring skills in the service of fighting evil.
2021-05-30,5,Children’s Series,Wings Of Fire,Tui T. Sutherland,114,Only the five dragonets of destiny can unite the seven warring dragon tribes.
2021-05-30,1,Young Adult Hardcover,Realm Breaker,Victoria Aveyard,2,A small band of misfits attempt to save Allward.
2021-05-30,2,Young Adult Hardcover,Rule Of Wolves,Leigh Bardugo,7,The second book in the King of Scars duology.
2021-05-30,3,Young Adult Hardcover,One Of Us Is Lying,Karen M. McManus,172,"For five students, a detour into detention ends in murder."
2021-05-30,4,Young Adult Hardcover,Stamped,Jason Reynolds and Ibram X. Kendi,60,An exploration of racism and antiracism in America.
2021-05-30,5,Young Adult Hardcover,Firekeeper'S Daughter,Angeline Boulley,9,Daunis investigates a deadly new drug being distributed in her tribal community.
2021-05-23,1,Combined Print & E-Book Fiction,21St Birthday,James Patterson and Maxine Paetro,1,The 21st book in the Women’s Murder Club series. New evidence changes the investigation of a missing mother.
2021-05-23,2,Combined Print & E-Book Fiction,The Last Thing He Told Me,Laura Dave,1,Hannah Hall discovers truths about her missing husband and bonds with his daughter from a previous relationship.
2021-05-23,3,Combined Print & E-Book Fiction,Project Hail Mary,Andy Weir,1,"Ryland Grace awakes from a long sleep alone and far from home, and the fate of humanity rests on his shoulders."
2021-05-23,4,Combined Print & E-Book Fiction,Sooley,John Grisham,2,Samuel Sooleymon receives a basketball scholarship to North Carolina Central and determines to bring his family over from a civil war-ravaged South Sudan.
2021-05-23,5,Combined Print & E-Book Fiction,Where The Crawdads Sing,Delia Owens,129,"In a quiet town on the North Carolina coast in 1969, a young woman who survived alone in the marsh becomes a murder suspect."
2021-05-23,1,Combined Print & E-Book Nonfiction,Killing The Mob,Bill O'Reilly and Martin Dugard,1,The 10th book in the conservative commentator’s Killing series looks at organized crime in the United States during the 20th century.
2021-05-23,2,Combined Print & E-Book Nonfiction,The Premonition,Michael Lewis,1,Stories of skeptics who went against the official response of the Trump administration to the outbreak of Covid-19.
2021-05-23,3,Combined Print & E-Book Nonfiction,What Happened To You?,Bruce D. Perry and Oprah Winfrey,2,An approach to dealing with trauma that shifts an essential question used to investigate it.
2021-05-23,4,Combined Print & E-Book Nonfiction,The Bomber Mafia,Malcolm Gladwell,2,A look at the key players and outcomes of precision bombing during World War II.
2021-05-23,5,Combined Print & E-Book Nonfiction,Finding The Mother Tree,Suzanne Simard,1,"An ecologist describes ways trees communicate, cooperate and compete."
2021-05-23,1,Hardcover Fiction,The Last Thing He Told Me,Laura Dave,1,Hannah Hall discovers truths about her missing husband and bonds with his daughter from a previous relationship.
2021-05-23,2,Hardcover Fiction,21St Birthday,James Patterson and Maxine Paetro,1,The 21st book in the Women’s Murder Club series. New evidence changes the investigation of a missing mother.
2021-05-23,3,Hardcover Fiction,Sooley,John Grisham,2,Samuel Sooleymon receives a basketball scholarship to North Carolina Central and determines to bring his family over from a civil war-ravaged South Sudan.
2021-05-23,4,Hardcover Fiction,Project Hail Mary,Andy Weir,1,"Ryland Grace awakes from a long sleep alone and far from home, and the fate of humanity rests on his shoulders."
2021-05-23,5,Hardcover Fiction,The Hill We Climb,Amanda Gorman,6,"The poem read on President Joe Biden's Inauguration Day, by the youngest poet to write and perform an inaugural poem."
2021-05-23,1,Hardcover Nonfiction,Killing The Mob,Bill O'Reilly and Martin Dugard,1,The 10th book in the conservative commentator’s Killing series looks at organized crime in the United States during the 20th century.
2021-05-23,2,Hardcover Nonfiction,What Happened To You?,Bruce D. Perry and Oprah Winfrey,2,An approach to dealing with trauma that shifts an essential question used to investigate it.
2021-05-23,3,Hardcover Nonfiction,The Premonition,Michael Lewis,1,Stories of skeptics who went against the official response of the Trump administration to the outbreak of Covid-19.
2021-05-23,4,Hardcover Nonfiction,Finding The Mother Tree,Suzanne Simard,1,"An ecologist describes ways trees communicate, cooperate and compete."
2021-05-23,5,Hardcover Nonfiction,The Bomber Mafia,Malcolm Gladwell,2,A look at the key players and outcomes of precision bombing during World War II.
2021-05-23,1,Paperback Trade Fiction,Where The Crawdads Sing,Delia Owens,6,"In a quiet town on the North Carolina coast in 1969, a young woman who survived alone in the marsh becomes a murder suspect."
2021-05-23,2,Paperback Trade Fiction,The Silent Patient,Alex Michaelides,1,Theo Faber looks into the mystery of a famous painter who stops speaking after shooting her husband.
2021-05-23,3,Paperback Trade Fiction,The Song Of Achilles,Madeline Miller,29,A reimagining of Homer’s “Iliad” that is narrated by Achilles' companion Patroclus.
2021-05-23,4,Paperback Trade Fiction,The Woman With The Blue Star,Pam Jenoff,1,A friendship develops between two girls living in different circumstances in Poland during World War II.
2021-05-23,5,Paperback Trade Fiction,Later,Stephen King,10,An N.Y.P.D. detective asks the son of a struggling single mother to use his unnatural ability to track a killer.
2021-05-23,1,Paperback Nonfiction,The Body Keeps The Score,Bessel van der Kolk,133,"How trauma affects the body and mind, and innovative treatments for recovery."
2021-05-23,2,Paperback Nonfiction,Becoming,Michelle Obama,10,"The former first lady describes her journey from the South Side of Chicago to the White House, and how she balanced work, family and her husband’s political ascent."
2021-05-23,3,Paperback Nonfiction,Nomadland,Jessica Bruder,12,"A look at an expanding low-cost labor pool, which largely consists of transient older adults, and what this might portend."
2021-05-23,4,Paperback Nonfiction,Minor Feelings,Cathy Park Hong,8,"The poet and essayist, who is the daughter of Korean immigrants, explores her racial identity and racial consciousness in America today."
2021-05-23,5,Paperback Nonfiction,White Fragility,Robin DiAngelo,140,Historical and cultural analyses on what causes defensive moves by white people and how this inhibits cross-racial dialogue.
2021-05-23,1,"Advice, How-To & Miscellaneous",The Women Of The Bible Speak,Shannon Bream,6,
2021-05-23,2,"Advice, How-To & Miscellaneous","The Boy, The Mole, The Fox And The Horse",Charlie Mackesy,75,
2021-05-23,3,"Advice, How-To & Miscellaneous",Atomic Habits,James Clear,76,
2021-05-23,4,"Advice, How-To & Miscellaneous",World Travel,Anthony Bourdain and Laurie Woolever,3,
2021-05-23,5,"Advice, How-To & Miscellaneous",How Stella Learned To Talk,Christina Hunger,1,
2021-05-23,1,Children’s Middle Grade Hardcover,Uncomfortable Conversations With A Black Boy,Emmanuel Acho,1,A dialogue about systemic racism.
2021-05-23,2,Children’s Middle Grade Hardcover,Willa Of Dark Hollow,Robert Beatty,1,Willa must save the Great Smoky Mountains from loggers.
2021-05-23,3,Children’s Middle Grade Hardcover,Becoming: Adapted For Young Readers,Michelle Obama,10,A memoir of the former first lady.
2021-05-23,4,Children’s Middle Grade Hardcover,The One And Only Bob,Katherine Applegate. Illustrated by Patricia Castelao,53,"In this sequel to ""The One and Only Ivan,"" Bob sets out on a dangerous journey in search of his long-lost sister."
2021-05-23,5,Children’s Middle Grade Hardcover,The Ickabog,J.K. Rowling,26,A fearsome monster threatens the kingdom of Cornucopia.
2021-05-23,1,Children’s Picture Books,The One And Only Sparkella,Channing Tatum. Illustrated by Kim Barnes,1,Ella embraces her individuality.
2021-05-23,2,Children’s Picture Books,I Love Mom With The Very Hungry Caterpillar,Eric Carle,12,That ravenous insect is brimming with motherly love.
2021-05-23,3,Children’s Picture Books,"Thank You, Teacher From The Very Hungry Caterpillar",Eric Carle,1,The insatiable insect's pedagogue appreciation.
2021-05-23,4,Children’s Picture Books,Eyes That Kiss In The Corners,Joanna Ho. Illustrated by Dung Ho,10,A tale of self-acceptance and respect for one’s roots.
2021-05-23,5,Children’s Picture Books,We Are Water Protectors,Carole Lindstrom. Illustrated by Michaela Goade,14,Standing up for environmental justice.
2021-05-23,1,Children’s Series,Shadow And Bone Trilogy,Leigh Bardugo,9,"The basis of the Netflix series; previously titled ""The Grisha Trilogy."""
2021-05-23,2,Children’s Series,Diary Of A Wimpy Kid,Jeff Kinney,634,The travails and challenges of adolescence.
2021-05-23,3,Children’s Series,Awesome Friendly Kid,Jeff Kinney,8,Rowley Jefferson chronicles his life story and adventures.
2021-05-23,4,Children’s Series,Wings Of Fire,Tui T. Sutherland,113,Only the five dragonets of destiny can unite the seven warring dragon tribes.
2021-05-23,5,Children’s Series,Harry Potter,J.K. Rowling,633,A wizard hones his conjuring skills in the service of fighting evil.
2021-05-23,1,Young Adult Hardcover,Realm Breaker,Victoria Aveyard,1,A small band of misfits attempt to save Allward.
2021-05-23,2,Young Adult Hardcover,Rule Of Wolves,Leigh Bardugo,6,The second book in the King of Scars duology.
2021-05-23,3,Young Adult Hardcover,Concrete Rose,Angie Thomas,17,Maverick Carter decides to leave the life of crime after he finds out he'll be a father.
2021-05-23,4,Young Adult Hardcover,Firekeeper'S Daughter,Angeline Boulley,8,Daunis investigates a deadly new drug being distributed in her tribal community.
2021-05-23,5,Young Adult Hardcover,One Of Us Is Lying,Karen M. McManus,171,"For five students, a detour into detention ends in murder."
2021-05-16,1,Combined Print & E-Book Fiction,Sooley,John Grisham,1,Samuel Sooleymon receives a basketball scholarship to North Carolina Central and determines to bring his family over from a civil war-ravaged South Sudan.
2021-05-16,2,Combined Print & E-Book Fiction,Finding Ashley,Danielle Steel,1,"Two estranged sisters, one a former best-selling author, the other a nun, reconnect as one searches for the child the other gave up."
2021-05-16,3,Combined Print & E-Book Fiction,A Gambling Man,David Baldacci,2,"Aloysius Archer, a World War II veteran, seeks to apprentice with Willie Dash, a private eye, in a corrupt California town."
2021-05-16,4,Combined Print & E-Book Fiction,Fugitive Telemetry,Martha Wells,1,"The sixth book in the Murderbot Diaries series. When a dead body turns up on Preservation Station, Murderbot must speak to humans."
2021-05-16,5,Combined Print & E-Book Fiction,The Hill We Climb,Amanda Gorman,5,"The poem read on President Joe Biden's Inauguration Day, by the youngest poet to write and perform an inaugural poem."
2021-05-16,1,Combined Print & E-Book Nonfiction,What Happened To You?,Bruce D. Perry and Oprah Winfrey,1,An approach to dealing with trauma that shifts an essential question used to investigate it.
2021-05-16,2,Combined Print & E-Book Nonfiction,The Bomber Mafia,Malcolm Gladwell,1,A look at the key players and outcomes of precision bombing during World War II.
2021-05-16,3,Combined Print & E-Book Nonfiction,You Are Your Best Thing,ted by Tarana Burke and Brené Brown,1,An anthology of writing on the Black experience and shame resilience.
2021-05-16,4,Combined Print & E-Book Nonfiction,How Y'All Doing?,Leslie Jordan,1,A collection of essays by the Emmy-winning actor who became a viral sensation without knowing what that phrase meant at the time.
2021-05-16,5,Combined Print & E-Book Nonfiction,The Body Keeps The Score,Bessel van der Kolk,36,"How trauma affects the body and mind, and innovative treatments for recovery."
2021-05-16,1,Hardcover Fiction,Sooley,John Grisham,1,Samuel Sooleymon receives a basketball scholarship to North Carolina Central and determines to bring his family over from a civil war-ravaged South Sudan.
2021-05-16,2,Hardcover Fiction,The Hill We Climb,Amanda Gorman,5,"The poem read on President Joe Biden's Inauguration Day, by the youngest poet to write and perform an inaugural poem."
2021-05-16,3,Hardcover Fiction,Finding Ashley,Danielle Steel,1,"Two estranged sisters, one a former best-selling author, the other a nun, reconnect as one searches for the child the other gave up."
2021-05-16,4,Hardcover Fiction,A Gambling Man,David Baldacci,2,"Aloysius Archer, a World War II veteran, seeks to apprentice with Willie Dash, a private eye, in a corrupt California town."
2021-05-16,5,Hardcover Fiction,The Four Winds,Kristin Hannah,13,"As dust storms roll during the Great Depression, Elsa must choose between saving the family and farm or heading West."
2021-05-16,1,Hardcover Nonfiction,What Happened To You?,Bruce D. Perry and Oprah Winfrey,1,An approach to dealing with trauma that shifts an essential question used to investigate it.
2021-05-16,2,Hardcover Nonfiction,The Bomber Mafia,Malcolm Gladwell,1,A look at the key players and outcomes of precision bombing during World War II.
2021-05-16,3,Hardcover Nonfiction,You Are Your Best Thing,ted by Tarana Burke and Brené Brown,1,An anthology of writing on the Black experience and shame resilience.
2021-05-16,4,Hardcover Nonfiction,How Y'All Doing?,Leslie Jordan,1,A collection of essays by the Emmy-winning actor who became a viral sensation without knowing what that phrase meant at the time.
2021-05-16,5,Hardcover Nonfiction,"Out Of Many, One",George W. Bush,2,"Forty-three portraits by the former president, of men and women who have immigrated to the United States."
2021-05-16,1,Paperback Trade Fiction,Where The Crawdads Sing,Delia Owens,5,"In a quiet town on the North Carolina coast in 1969, a young woman who survived alone in the marsh becomes a murder suspect."
2021-05-16,2,Paperback Trade Fiction,The Song Of Achilles,Madeline Miller,28,A reimagining of Homer’s “Iliad” that is narrated by Achilles' companion Patroclus.
2021-05-16,3,Paperback Trade Fiction,Later,Stephen King,9,An N.Y.P.D. detective asks the son of a struggling single mother to use his unnatural ability to track a killer.
2021-05-16,4,Paperback Trade Fiction,The Rose Code,Kate Quinn,8,"As a post-World War II royal wedding approaches, an encrypted letter resurrects an alliance between three female code breakers."
2021-05-16,5,Paperback Trade Fiction,The Seven Husbands Of Evelyn Hugo,Taylor Jenkins Reid,8,A movie icon recounts stories of her loves and career to a struggling magazine writer.
2021-05-16,1,Paperback Nonfiction,The Body Keeps The Score,Bessel van der Kolk,132,"How trauma affects the body and mind, and innovative treatments for recovery."
2021-05-16,2,Paperback Nonfiction,Nomadland,Jessica Bruder,11,"A look at an expanding low-cost labor pool, which largely consists of transient older adults, and what this might portend."
2021-05-16,3,Paperback Nonfiction,Braiding Sweetgrass,Robin Wall Kimmerer,55,A botanist and member of the Citizen Potawatomi Nation espouses having an understanding and appreciation of plants and animals.
2021-05-16,4,Paperback Nonfiction,My Grandmother'S Hands,Resmaa Menakem,16,"A therapist who specializes in trauma, body-centered psychotherapy and violence prevention explains racism's effect on the body."
2021-05-16,5,Paperback Nonfiction,Becoming,Michelle Obama,9,"The former first lady describes her journey from the South Side of Chicago to the White House, and how she balanced work, family and her husband’s political ascent."
2021-05-16,1,"Advice, How-To & Miscellaneous",World Travel,Anthony Bourdain and Laurie Woolever,2,
2021-05-16,2,"Advice, How-To & Miscellaneous","The Boy, The Mole, The Fox And The Horse",Charlie Mackesy,74,
2021-05-16,3,"Advice, How-To & Miscellaneous",The Women Of The Bible Speak,Shannon Bream,5,
2021-05-16,4,"Advice, How-To & Miscellaneous",Atomic Habits,James Clear,75,
2021-05-16,5,"Advice, How-To & Miscellaneous",Cook This Book,Molly Baz,2,
2021-05-16,1,Children’s Middle Grade Hardcover,Wonder,R.J. Palacio,294,A boy with a facial deformity starts school.
2021-05-16,2,Children’s Middle Grade Hardcover,The One And Only Bob,Katherine Applegate. Illustrated by Patricia Castelao,52,"In this sequel to ""The One and Only Ivan,"" Bob sets out on a dangerous journey in search of his long-lost sister."
2021-05-16,3,Children’s Middle Grade Hardcover,The Ickabog,J.K. Rowling,25,A fearsome monster threatens the kingdom of Cornucopia.
2021-05-16,4,Children’s Middle Grade Hardcover,Refugee,Alan Gratz,128,Three children in three different conflicts look for safe haven.
2021-05-16,5,Children’s Middle Grade Hardcover,When You Trap A Tiger,Tae Keller,7,Lily makes a deal with a magical tiger to heal her ailing grandmother.
2021-05-16,1,Children’s Picture Books,We Are Water Protectors,Carole Lindstrom. Illustrated by Michaela Goade,13,Standing up for environmental justice.
2021-05-16,2,Children’s Picture Books,Grumpy Monkey,Suzanne Lang. Illustrated by Max Lang,45,Jim Panzee is having a bad day.
2021-05-16,3,Children’s Picture Books,I Wish You More,Amy Krouse Rosenthal. Illustrated by Tom Lichtenheld,62,A bounty of good wishes.
2021-05-16,4,Children’s Picture Books,The Wonderful Things You Will Be,Emily Winfield Martin,260,A celebration of future possibilities.
2021-05-16,5,Children’s Picture Books,Because I Had A Teacher,Kobi Yamada. Illustrated by Natalie Russell,6,An ode to teachers.
2021-05-16,1,Children’s Series,Shadow And Bone Trilogy,Leigh Bardugo,8,"The basis of the Netflix series; previously titled ""The Grisha Trilogy."""
2021-05-16,2,Children’s Series,Diary Of A Wimpy Kid,Jeff Kinney,633,The travails and challenges of adolescence.
2021-05-16,3,Children’s Series,Awesome Friendly Kid,Jeff Kinney,7,Rowley Jefferson chronicles his life story and adventures.
2021-05-16,4,Children’s Series,Harry Potter,J.K. Rowling,632,A wizard hones his conjuring skills in the service of fighting evil.
2021-05-16,5,Children’s Series,Wings Of Fire,Tui T. Sutherland,112,Only the five dragonets of destiny can unite the seven warring dragon tribes.
2021-05-16,1,Young Adult Hardcover,Rule Of Wolves,Leigh Bardugo,5,The second book in the King of Scars duology.
2021-05-16,2,Young Adult Hardcover,Firekeeper'S Daughter,Angeline Boulley,7,Daunis investigates a deadly new drug being distributed in her tribal community.
2021-05-16,3,Young Adult Hardcover,Stamped,Jason Reynolds and Ibram X. Kendi,58,An exploration of racism and antiracism in America.
2021-05-16,4,Young Adult Hardcover,One Of Us Is Lying,Karen M. McManus,170,"For five students, a detour into detention ends in murder."
2021-05-16,5,Young Adult Hardcover,The Hate U Give,Angie Thomas,214,A 16-year-old girl sees a police officer kill her friend.
